S4Sku1,919322,
S5SkuA,919322,
S5SkuB,n/a,
S8Sku,952826,
S9Sku1,508163,
S9Sku2,231216,
S9Sku3,320869,
S9Sku4,919029,
S9Sku5,919004,
S9Sku6,914905,
S9Sku7,201305,
S9Sku8,914503,
S9Sku9,919322,
S9Sku10,801320,
S9Sku11,xxx,
S9Sku12,xxx,
S9Sku13,xxx,
S9Sku14,xxx,
S9Sku15,xxx,
S9Sku16,909062,PS2
S9Sku17,xxx,
S9Sku18,xxx,
S9Sku19,xxx,
S9Sku20,xxx,
S9Sku21,xxx,
S9Sku22,xxx,
S9Sku23,xxx,
S9Sku24,xxx,
S9Sku25,xxx,
S9Sku26,xxx,
S9Sku27,xxx,
S9Sku28,xxx,
S9Sku29,xxx,
S9Sku30,xxx,
S9Sku31,801370,
S9Sku32,231427,
S9Sku33,952288,
S9Sku34,271113,
S9Sku35,952036,
S9Sku36,240109,
S9Sku37,231335,
S9Sku38,170478,
S9Sku39,640013,
S9Sku40,640407,
S10Sku1,647614,
S10Sku2,647617,
S10Sku3,647624,
S10Sku4,647628,
S10Sku5,647634,
S10Sku6,647635,
S10Sku7,647636,
S10Sku8,647637,
S10Sku9,647638,
S10Sku10,647643,
S11Sku1,322300,
S11Zip,75034,
S14Sku,952003,
S15SKU,20055,
S15PostalCode,75034,
S16SKU,909062,PS2
S17SKU,300003,
S17PowerUpNumber,3.87512E+12,Use Customer Lookup phone 1111111111 to get Edge/PowerUP#
S17Trade1,919322,
S17Trade2,952035,
S17Trade3,952012,
S17Trade4,952013,
S17Trade5,952007,
S17Trade6,952015,
S17Trade7,952016,
S17Trade8,952017,
S17Trade9,952018,
S17Trade10,952019,
S17Trade11,952020,
S17Trade12,952021,
S17Trade13,952022,
S17Trade14,952023,
S17Trade15,952025,
S17Trade16,952026,
S17Trade17,952027,
S17Trade18,952028,
S17Trade19,952029,
S17Trade20,952030,
S17Trade21,952031,
S17Trade22,952032,
S17Trade23,952033,
S17Trade24,952034,
S17Trade25,952035,
S18SKU,909124,
S18SKUSerial,CE345747332,
S19SKU,952002,
S20SKUa,953164,
S20SKUb,952566,
S21SKU,R907004P100,
S22SKU,953164,
S23SKU,952217,
S24SKU,952002,
S25SKUa,952216,
S25SKUb,953164,
S26SKU,952826,Madden 12 Xbox
S27SKU,201239,Transformers: Fall of Cybertron
S28SKU,201239,Transformers: Fall of Cybertron
S29SKU,201239,Transformers: Fall of Cybertron
S30SKU,201239,Transformers: Fall of Cybertron
