SKU,Title
020058,Microsoft Xbox 360 250GB Consl WiFiN
020228,Microsoft Xbox 360 250GB Holiday Bnd
020258,Microsoft Xbox 360 250GB Consl Matte
020358,Nintendo Wii U 32gb Black Bundle
020359,Nintendo Wii U 8gb White Bundle
020360,Microsoft Xbox 360 250GB HVB
020376,Nintendo Wii U 32gb Black ZombiU Bundle
020379,Microsoft Xbox 360 250GB Spring VB
020388,Microsoft Xbox 360 250GB E Console
020398,Nintendo Wii U LE Zelda Bundle
020404,Xbox 360 250GB holiday Console bundle
020405,Nintendo Wii U Hardware Bundle
020409,Wii U Hardware Holiday 2013 Bundle
040259,Backpack
100318,Samsung Galaxy Tab 3 7.0 White
100319,"Samsung Galaxy Tab 3 10.1"" White"
100320,Sophix 7 Tablet
150015,Sklyanders Swap Force Starter pack
150022,LEGO Marvel Super Heroes
160011,Little Big Planet
160040,Unit 13
160055,Soul Sacrifice
160067,LEGO Marvel Super Heroes
160068,Lego Legends of Chima
160072,Killzone Mercenary
160079,Jak & Daxter Collection
160081,Rayman Legends
160083,Walking Dead
170478,Lego Batman 2: DC Super Heroes
170578,Lego Lord of the Rings
170680,LEGO Marvel Super Heroes
170681,Lego Legends of Chima
170686,Monster Hunter 3 Ultimate
170742,Disney INFINITY 3DS 
170752,Disney Planes SD 8/6/13
170763,Lego Friends
170764,Scribblenauts:UnMasked 
170767,Sklyanders Swap Force Starter pack
170792,Angry Birds Star Wars
170803,Hot Wheels Worlds Best Driver
181516,Lego Battles Ninjago
181900,LEGO Marvel Super Heroes
181902,Lego Legends of Chima
181943,Disney Planes SD 8/6/13
181948,Monster High 13 Wishes
200935,BioShock Infinite (50% 0ff)
200936,GTA IV complete edition (50% off)
200989,Skyrim Core 360
201073,Street Fighter X Tekken
201171,Dishonored Core 360
201191,Sniper Elite 2
201223,Sniper Ghost Warrior 2
201237,Red Dead Redemption (50% off)
201305,Lego Batman 2: DC Super Heroes
201328,Assassins Creed 3
201395,Splinter Cell: Blacklist
201499,Battlefield 3 X360 PREMIUM
201510,Dead Pool
201578,Sniper Elite 2-Silver Star
201580,Madden NFL 25 X360
201581,NCAA Football 14 X360
201586,LEGO Marvel Super Heroes
201625,Assassins Creed IV
201632,Disney INFINITY 
201633,Saints Row 4
201636,Lego Batman Silver Shield
201641,Rayman Legends
201642,Battlefield 4 X360
201644,Dynasty Warrior 8
201648,NHL 14 X360
201649,FIFA 14 X360
201651,Skyrim Legendary 360
201652,Call of Duty: Ghost
201654,Payday 2
201660,Need for Speed Rivals: X360
201661,WWE 2k14
201663,Diablo III
201664,Sklyanders Swap Force Starter pack
201666,Just Dance 2014 SD10/8
201672,Phineas & Ferb Quest for Cool Stuff
201695,Hot Wheels Worlds Best Driver
201706,Batman Arkham Bundle
201709,Cabelas African Adventures w/Gun 
201711,Borderlands 2 GOTY (50% off)
201714,Dishonored GOTY 360
201725,Halo 4 Game of the Year Edition
210019,Sklyanders Swap Force Starter pack
210033,LEGO Marvel Super Heroes
231498,Disney INFINITY 
231500,Disney Planes SD 8/6/13
231502,Sklyanders Swap Force Starter pack
231503,Just Dance 2014 SD10/8
231507,Angry Birds Star Wars
231512,Monster High 13 Wishes
231516,Skylanders Swap Force Dark Edition Strt Pck
231517,Cabelas African Adventures w/Gun 
240067,Rayman Legends
240118,Sniper Elite 2 WiiU
240159,LEGO Marvel Super Heroes
240174,Assassins Creed IV
240178,Disney INFINITY 
240182,Splinter Cell: Blacklist
240190,Disney Planes SD 8/6/13
240192,Scribblenauts:UnMasked 
240200,Sklyanders Swap Force Starter pack
240209,Phineas & Ferb Quest for Cool Stuff
240228,Hot Wheels Worlds Best Driver
270529,a realm Reborn Final Fantasy
270715,BioShock Infinite (50% 0ff)
270718,GTA IV complete edition (50% off)
270778,Skyrim Core PS3
270959,Dishonored Core PS3
270974,Sniper Elite 2
270999,Sniper Ghost Warrior 2
271008,Red Dead Redemption (50% off)
271077,Last of Us
271094,Ni No Kuni
271108,Assassins Creed 3
271136,God of War Ascension
271142,Playstation All stars
271167,Splinter Cell: Blacklist
271172,Beyond
271238,Battlefield 3 PS3 PREMIUM
271250,Dead Pool
271315,Sniper Elite 2-Silver Star
271317,Madden NFL 25 PS3
271318,NCAA Football 14 PS3
271323,LEGO Marvel Super Heroes
271325,Tales of Xillia
271368,Diablo III
271369,Kingdom Hearts 1.5
271370,Assassins Creed IV
271377,Disney INFINITY 
271378,Saints Row 4
271380,Dragons Crown
271386,Rayman Legends
271387,Battlefield 4 PS3
271390,Dynasty Warrior 8
271395,NHL 14 PS3
271396,FIFA 14 PS3
271397,Skyrim Legendary PS3
271398,Call of Duty: Ghost
271400,Payday 2
271409,Need for Speed Rivals: PS3
271410,WWE 2k14
271414,Sklyanders Swap Force Starter pack
271417,Just Dance 2014 SD10/8
271443,Hot Wheels Worlds Best Driver
271453,Batman Arkham Bundle
271458,Cabelas African Adventures w/Gun 
271459,Borderlands 2 GOTY (50% off)
271462,Dishonored GOTY PS3
320695,Disney INFINITY Cars Playset 
320696,Disney INFINITY IGP Mike 
320697,Disney INFINITY Mrs Incredibl 
320698,Disney INFINITY IGP Capt Barb 
320699,Disney INFINITY IGP Davy Jone 
320700,Disney INFINITY IGP Syndrome 
320701,Disney INFINITY IGP Dash 
320702,Disney INFINITY IGP Violet 
320703,Disney INFINITY IGP Francesco 
320704,Disney INFINITY IGP Mater 
320713,Disney INFINITY Power Disc PK 
320752,Disney INFINITY IGP Randy 
320805,Disney INFINITY LoneRang Play 
321039,Jack Skellington IGP
321040,Woody IGP
321041,Disney INFINITYToy Story Playset
321063,Disney INFINITY Frozen Toy Set
321064,Disney INFINITY Power Disc Series 2PK 
501333,LEGO Batman 2 Lex Luther mini fig
501552,LEGO LLOR mini fig
502176,Spiderman Keychain
580002,Playstation Plus 12mo. PSN DLC
620001,XB360 Live 3Mo Gold Sub XBL DLC
640381,Starcraft II Heart of the Swarm
640383,WOW Mists of Pandaria
640406,Assassins Creed 3
640408,SimCity
640461,Splinter Cell: Blacklist
640468,Battlefield 4 PC
640472,Call of Duty: Ghost
640473,The Sims 3 Starter Pack
640484,Skyrim Legendary PC
640520,Elder Scrolls Anthology PC
640531,WOW Battlechest
647051,Starcraft II Wings of Liberty
680002,XB360 Live 3 Month (POSA)
680006,XB360 Live 3mo Kinect Sports (POSA)
680008,XB360 Live 3mo+1 Gold Sub (POSA)
680013,Xbox Live Gold 3 month subscription
680020,Xbox LIVE 3mo 2013 $24.99 (POSA)
730010,PlayStation Plus 12 Month Subscription
780018,XB360 Live 3 Month Gold Card (Micros
790005,XB360 Live 3 Month Gold Card (Micros
800480,PS3 DualShock 3 Pink Wireless Con IO
800632,PS3 DualShock 3 Green Wireless Cont
800651,PS3 DualShock 3 MLB Wireless Cont
800870,PS3 Pulse Wireless Headset
800972,PS3 DualShock 3 Camo Wireless Cont
801272,PS Vita 8gb Memory card
802852,PS3 DualShock 3 Black Wireless Cont
803283,PS3 DualShock 3 Gold Wireless Cont
803659,PS3 DualShock 3 Translucent Red Cont
803708,PS3 DualShock 3 Metallic Gray Wirele
803726,PS3/PS4 GTA V Pulse Elite Wireless Headset
803729,Xbox 360 Camo Wireless Controller
803861,XB360 RockCandy Bundle
803862,PS3 RockCandy Bundle
803863,Wii RockCandy Bundle
804015,PS3 DualShock 3 Silver Wireless Cont
804108,PS3 DualShock 3 Blue Wireless Cont
804109,PS3 DualShock 3 Red Wireless Cont
804162,PS3 DualShock 3 White Wireless Cont
810269,Beats by Dre PowerBeats Sport Red
810318,Beats by Dre iBeats Earbuds
810451,Beats by Dre UR Beats 2 Black
810452,Beats by Dre UR Beats 2 White
810453,Beats by Dre Tour in-Ear Black
811252,Beats by Dre urBeats Nicki Pink IO
811253,Beats by Dre Tour 2 Black IO
811254,Beats by Dre Tour 2 White IO
811295,Beats by Dre PowerBeats Sport Blk IO
831681,GTA OSG
831792,GTA OSG LE
883645,Beats by Dre Studio Headphones Black
883646,Beats by Dre Solo Headphones Black
883650,Beats by Dre Beats Pro Headphones
883651,Beats by Dre Solo Headphones White
883864,Beats by Dre Studio Headphone Wht IO
884182,Inkd Earbuds
884231,Beats by Dre Studio Headphones Blue
884249,Beats by Dre Solo HD Black Headphone
884250,Beats by Dre Solo HD White Headphone
884251,Beats by Dre Solo HD Red Headphones
884510,Beats by Dre Solo HD BubbleGum Headp
884511,Beats by Dre Solo HD Grape Headphone
884512,Beats by Dre Solo HD Smartie Blue He
884513,Beats by Dre Solo HD Sour Apple Head
884619,MOGA Android Tablet Controller
884707,Beats by Dre Pill Black Speaker
884848,Beats by Dre Beatbox Portable Blk IO
884939,Beats by Dre Studio Headph Green IO
884940,Beats by Dre Studio Headph Orange IO
884941,Beats by Dre Studio Headph Pink IO
884942,Beats by Dre Studio Headph Purple IO
884943,Beats by Dre Studio Headph Red IO
884944,Beats by Dre Studio Headph Silver IO
885014,Beats by Dre Solo HD Dark Blue IO
885030,Beats by Dre Pill Red Speaker IO
885031,Beats by Dre Pill White Speaker IO
885032,Beats by Dre Executive Silver IO
885034,Beats by Dre Pro Headphone Black IO
885035,Beats by Dre Pro Headphone White IO
885036,Beats by Dre Wireless Headphn Blk IO
885037,Beats by Dre Wireless Headphn Wht IO
885038,Beats by Dre Beatbox Portable Wht IO
885194,Beats by Dre Pill Pink Speaker
885308,Beats by Dre New Studio 2 Black
885309,Beats by Dre New Studio 2 Red IO
885310,Beats by Dre New Studio 2 White IO
885331,Available Sku #1B
885332,Available Sku #2P
885337,Universal Jam Bluetooth Speaker
885339,Available Sku #3BL
885340,Available Sku #4W
885341,Available Sku #5R
900009,PS3 MOVE Motion Controller
900108,XB360 Headset X12 (Refurb)
900628,XB360 Controller - Wireless
900679,Wii Remote Controller
900701,Universal HDMI Cable
900767,Wii Balance Board
